"id","ten_file_anh","wrist","thumb_cmc","thumb_mcp","thumb_ip","thumb_tip","index_finger_mcp","index_finger_pip","index_finger_dip","index_finger_tip","middle_finger_mcp","middle_finger_pip","middle_finger_dip","middle_finger_tip","ring_finger_mcp","ring_finger_pip","ring_finger_dip","ring_finger_tip","pinky_mcp","pinky_pip","pinky_dip","pinky_tip"
1,"image_20231202_145220.png","0.82584;0.90799;4.369e-07","0.77742;0.84884;-0.020229809","0.75317;0.75115;-0.0280312318","0.77306;0.66667;-0.0388567597","0.80163;0.6243;-0.0474982113","0.73938;0.66281;-0.0060865451","0.71009;0.55271;-0.0275016651","0.69682;0.48984;-0.0386905633","0.6859;0.4369;-0.0430424325","0.78119;0.65244;-0.0133924419","0.77321;0.52425;-0.0384637266","0.76762;0.45199;-0.050828848","0.76483;0.39253;-0.0527732596","0.8239;0.66592;-0.0246964041","0.82537;0.61753;-0.0628021136","0.81909;0.68509;-0.0646052957","0.81924;0.7313;-0.0510456674","0.86168;0.69373;-0.0377054773","0.85653;0.6467;-0.0577677935","0.84648;0.69393;-0.0468677692","0.84573;0.72965;-0.0314721987"
2,"image_20231202_145226.png","0.82812;0.76006;6.883e-07","0.77392;0.6882;-0.0136334421","0.75333;0.58816;-0.0219166074","0.78992;0.51136;-0.0347432755","0.83168;0.46661;-0.0470944829","0.7513;0.52466;-0.0092470963","0.72145;0.41187;-0.0345846936","0.70614;0.34147;-0.0489609838","0.69558;0.28084;-0.0564308092","0.79713;0.51593;-0.0216839109","0.79686;0.37952;-0.0520671532","0.79396;0.29421;-0.0699106157","0.79791;0.22212;-0.0754820555","0.84357;0.53353;-0.0363821834","0.83922;0.46931;-0.0782819092","0.82475;0.54334;-0.0767022818","0.82368;0.59643;-0.0596334189","0.8871;0.56735;-0.0518990904","0.87326;0.50571;-0.0783566013","0.85809;0.55902;-0.0648311526","0.85601;0.60494;-0.0453426205"
3,"image_20231202_145227.png","0.92276;0.70516;8.37e-07","0.8734;0.65914;-0.0266248472","0.85622;0.56461;-0.0403224751","0.89603;0.49205;-0.0548950098","0.93613;0.44895;-0.0679337531","0.83953;0.48182;-0.0255208313","0.81805;0.36765;-0.0566155538","0.80568;0.29477;-0.0755439922","0.79504;0.23512;-0.0862215087","0.88746;0.4723;-0.0318498537","0.89848;0.33914;-0.0682449713","0.90039;0.25907;-0.0882031918","0.90324;0.18701;-0.0945292786","0.93211;0.49083;-0.0409436934","0.94705;0.43593;-0.0850444809","0.93154;0.51004;-0.0807632729","0.92236;0.55547;-0.0621832795","0.97126;0.52572;-0.0522218794","0.97944;0.47513;-0.0813338608","0.96533;0.52694;-0.0679048821","0.95569;0.5636;-0.0481340289"
4,"image_20231202_145228.png","0.73239;0.65695;8.03e-07","0.67511;0.59067;-0.023591226","0.65062;0.49685;-0.0378624462","0.68524;0.41854;-0.0548701994","0.73004;0.3724;-0.0705950707","0.65047;0.41961;-0.0197967663","0.62578;0.29714;-0.0499975905","0.61496;0.22011;-0.0676655322","0.60654;0.15544;-0.0766389892","0.70063;0.41165;-0.0282116104","0.70716;0.27252;-0.0618529059","0.70806;0.18322;-0.0802584887","0.71134;0.10701;-0.0854569674","0.74822;0.43136;-0.0398639068","0.74597;0.37037;-0.086036168","0.7291;0.44585;-0.085115768","0.72424;0.50041;-0.0669046193","0.79117;0.46863;-0.0530235283","0.78181;0.40978;-0.0821985677","0.76665;0.46026;-0.0691747069","0.7628;0.50396;-0.0489706323"
5,"image_20231202_145229.png","0.62599;0.69682;7.201e-07","0.57168;0.63588;-0.0231335983","0.55395;0.53112;-0.0375832655","0.58984;0.44936;-0.0550771728","0.63299;0.40345;-0.0721818358","0.57559;0.4446;-0.0224342048","0.55561;0.31951;-0.0540129244","0.54849;0.2396;-0.0718411133","0.54474;0.17169;-0.0812991112","0.62507;0.44512;-0.0328429341","0.63679;0.29603;-0.06847094","0.64079;0.20376;-0.0880740508","0.64785;0.12498;-0.0937793851","0.67052;0.47314;-0.0460464396","0.65481;0.39541;-0.0970856771","0.6264;0.471;-0.0972062796","0.61765;0.52924;-0.078568548","0.70909;0.51825;-0.0602788739","0.68697;0.44885;-0.0957704857","0.66145;0.50221;-0.0845686346","0.65317;0.55187;-0.0645030737"
6,"image_20231202_145230.png","0.46028;0.72211;6.545e-07","0.40644;0.66555;-0.0153891351","0.37838;0.56135;-0.0302990768","0.39362;0.48175;-0.0517547987","0.42722;0.43277;-0.0731175169","0.42033;0.44471;-0.0178986453","0.40276;0.31884;-0.0507465266","0.39559;0.23888;-0.0689307377","0.39525;0.17345;-0.0775996894","0.4667;0.45009;-0.0349301547","0.46805;0.30125;-0.073442176","0.46471;0.20421;-0.0941432491","0.4665;0.12517;-0.1001078486","0.51173;0.47954;-0.0546467304","0.47231;0.41212;-0.109530054","0.44337;0.48997;-0.1130495071","0.43866;0.55284;-0.0961539745","0.54933;0.52592;-0.0746592358","0.50175;0.46675;-0.1108498424","0.47013;0.52293;-0.10130395","0.46271;0.57616;-0.0829371661"
7,"image_20231202_145231.png","0.34533;0.73356;7.377e-07","0.28046;0.6803;-0.0183888767","0.24612;0.57521;-0.0375778116","0.25158;0.49212;-0.062560536","0.28376;0.45592;-0.0878700241","0.29953;0.44628;-0.0272332449","0.27837;0.31746;-0.0632881299","0.2704;0.2362;-0.0839807317","0.27071;0.16665;-0.0945402756","0.34806;0.44869;-0.0447527915","0.34046;0.2919;-0.0850365981","0.33279;0.19211;-0.1059906036","0.33111;0.10972;-0.1125076637","0.39386;0.477;-0.0645057037","0.33875;0.41559;-0.1199464798","0.30705;0.49792;-0.1220679805","0.30166;0.56412;-0.1048236489","0.42982;0.5235;-0.0849651173","0.36955;0.47559;-0.1207095087","0.34025;0.53956;-0.1094600484","0.3375;0.59424;-0.090532437"
8,"image_20231202_145232.png","0.41326;0.84883;8.158e-07","0.3699;0.81322;-0.0202996768","0.33881;0.72476;-0.0390732437","0.33814;0.65276;-0.0629618391","0.36589;0.6017;-0.086172998","0.37284;0.60009;-0.0260763243","0.34746;0.48465;-0.0602732599","0.33585;0.40821;-0.0800825059","0.33337;0.3443;-0.0911879241","0.41732;0.60171;-0.0405651219","0.40503;0.46565;-0.0826927945","0.39807;0.37644;-0.1058959737","0.39798;0.30024;-0.1139063388","0.45904;0.62497;-0.0571428128","0.40759;0.56848;-0.1121382564","0.38259;0.64925;-0.1130414978","0.37775;0.71039;-0.0956696644","0.49205;0.66537;-0.0748528987","0.43557;0.62968;-0.1127426401","0.40866;0.68651;-0.104444921","0.40157;0.73568;-0.0872859955"
9,"image_20231202_145233.png","0.31739;0.94117;6.851e-07","0.26114;0.91266;-0.0254400373","0.21305;0.83666;-0.0466793962","0.20053;0.7663;-0.0712955967","0.2345;0.73752;-0.0949470997","0.25026;0.70409;-0.033460848","0.21387;0.59732;-0.0712316334","0.1923;0.52104;-0.0948161557","0.18284;0.45642;-0.1090893969","0.3002;0.69484;-0.0457736515","0.26686;0.57556;-0.0871275663","0.24542;0.48872;-0.11060296","0.23419;0.40999;-0.1200425327","0.34771;0.71405;-0.0607147291","0.28074;0.69317;-0.1086430624","0.26023;0.76224;-0.1071635261","0.26339;0.80797;-0.0910097435","0.38416;0.7541;-0.0784374028","0.31335;0.74659;-0.1092381403","0.28994;0.80007;-0.100011088","0.29077;0.84022;-0.0841765553"
10,"image_20231202_145234.png","0.75805;0.98383;6.804e-07","0.70731;0.92729;-0.0221143775","0.68732;0.82912;-0.0363180451","0.7288;0.7624;-0.0535927005","0.77818;0.73155;-0.0708110854","0.69008;0.72144;-0.0277200714","0.66556;0.59613;-0.0574376136","0.65472;0.51945;-0.0728971809","0.64762;0.45443;-0.0804519206","0.74218;0.72054;-0.0385751612","0.7594;0.57687;-0.0688909963","0.76673;0.49275;-0.0844308883","0.77628;0.42357;-0.0887760967","0.78799;0.75024;-0.0522314645","0.78692;0.70014;-0.0954234228","0.75896;0.76637;-0.0994440094","0.74806;0.8109;-0.0872647837","0.82401;0.79673;-0.0671632364","0.81343;0.75494;-0.0942947343","0.78845;0.8041;-0.0850148872","0.77957;0.84282;-0.0699263439"
11,"image_20231202_145235.png","0.8924;0.89321;8.283e-07","0.8441;0.82953;-0.0292304922","0.82814;0.72936;-0.0441005379","0.86746;0.64933;-0.0602443852","0.90908;0.60504;-0.0742646083","0.81044;0.62213;-0.0238166284","0.79551;0.49388;-0.0538072996","0.78915;0.41519;-0.0704652667","0.78272;0.34905;-0.0784519389","0.86331;0.61774;-0.0299020279","0.88436;0.4759;-0.063474521","0.89606;0.39031;-0.080665879","0.90558;0.31967;-0.0845956132","0.91208;0.6438;-0.0399131402","0.92788;0.5998;-0.0846998245","0.90959;0.67337;-0.0856121629","0.89841;0.72166;-0.0694736466","0.95292;0.68603;-0.0520476364","0.96208;0.64187;-0.078119956","0.94521;0.69001;-0.0658636242","0.9351;0.72598;-0.0473808087"
12,"image_20231202_145236.png","0.90415;0.83043;8.707e-07","0.85212;0.77516;-0.0316500403","0.83521;0.67706;-0.0469252616","0.8791;0.59802;-0.0623955093","0.92019;0.55111;-0.0758764818","0.81955;0.56891;-0.0278144367","0.80336;0.44145;-0.0586627759","0.79566;0.36251;-0.0768090561","0.78739;0.29546;-0.0863529369","0.87214;0.56003;-0.0322053321","0.89161;0.41869;-0.0670500025","0.9016;0.33285;-0.0849248469","0.90867;0.25774;-0.0894418731","0.91944;0.58241;-0.0402909219","0.93854;0.52734;-0.0867390931","0.923;0.6075;-0.0861175358","0.91213;0.6589;-0.0687159672","0.95886;0.6218;-0.0506953411","0.97117;0.57877;-0.081155166","0.95702;0.6313;-0.0700461045","0.94695;0.66657;-0.0513744764"
13,"image_20231202_145237.png","0.91803;0.7423;8.837e-07","0.86134;0.6941;-0.0329179391","0.84209;0.59051;-0.0500593446","0.88571;0.50908;-0.0673566982","0.93143;0.46399;-0.0827928036","0.82424;0.49015;-0.0331441835","0.80694;0.35841;-0.0683007762","0.79815;0.27483;-0.088605687","0.7891;0.20676;-0.0989680737","0.87878;0.48222;-0.0385420322","0.89465;0.33595;-0.0778267607","0.89956;0.24739;-0.0972673967","0.90232;0.1683;-0.1018074676","0.92959;0.50259;-0.0474184006","0.94514;0.44151;-0.0981528834","0.92878;0.52157;-0.0955286101","0.91862;0.57358;-0.0751814395","0.97331;0.54071;-0.0585802905","0.9809;0.48715;-0.0913873315","0.96511;0.54311;-0.0775464252","0.95536;0.58399;-0.0557491444"
14,"image_20231202_145239.png","0.77717;0.7088;1.0013e-06","0.72348;0.65438;-0.026980795","0.70573;0.54848;-0.0435005538","0.74686;0.4646;-0.0625934377","0.79134;0.40929;-0.0808396637","0.69378;0.43969;-0.0276784282","0.66784;0.30474;-0.0616066344","0.65665;0.21492;-0.0814692751","0.6485;0.14222;-0.0917218626","0.75023;0.43901;-0.0381482057","0.76591;0.28957;-0.0764072984","0.77361;0.20198;-0.0961877555","0.781;0.12707;-0.1013038158","0.80334;0.46652;-0.051619269","0.80864;0.398;-0.1037608534","0.79026;0.48874;-0.0992690548","0.78131;0.54781;-0.0774613619","0.85014;0.51074;-0.0668626428","0.85091;0.44232;-0.1012264416","0.83354;0.50579;-0.084167853","0.82392;0.55418;-0.0598181039"
15,"image_20231202_145240.png","0.67447;0.70855;8.682e-07","0.61573;0.65245;-0.0275991801","0.59163;0.55615;-0.047581628","0.62086;0.47366;-0.0690889284","0.66451;0.42553;-0.0897052065","0.59205;0.45859;-0.0380494744","0.56119;0.32355;-0.0811977237","0.54934;0.23061;-0.1101082861","0.54178;0.15367;-0.1274323314","0.64731;0.45498;-0.0474066436","0.65163;0.31354;-0.0911430568","0.65524;0.22585;-0.1140835956","0.65998;0.14654;-0.1226037219","0.7002;0.47931;-0.0591670908","0.69038;0.40699;-0.1104637161","0.66564;0.4904;-0.1023584232","0.65467;0.55276;-0.0797311738","0.7481;0.52268;-0.0731509253","0.73236;0.46449;-0.1082286388","0.70912;0.52217;-0.091493167","0.69866;0.56961;-0.0675625503"
16,"image_20231202_145241.png","0.58679;0.75158;9.47e-07","0.53056;0.71376;-0.0262913704","0.49865;0.61589;-0.0478796139","0.52482;0.53339;-0.0724035054","0.56683;0.48917;-0.096484296","0.51866;0.49259;-0.0433874205","0.48563;0.35431;-0.085705325","0.47022;0.2615;-0.1095010787","0.4607;0.18669;-0.1228000522","0.57584;0.49279;-0.0572597831","0.57818;0.33077;-0.1070649624","0.57805;0.22807;-0.1338002086","0.58116;0.14267;-0.1429225802","0.62946;0.52185;-0.0725101456","0.60157;0.44543;-0.1337559223","0.57549;0.53161;-0.1317300647","0.56858;0.59497;-0.1102202684","0.67714;0.56746;-0.0888441056","0.6414;0.51084;-0.131135121","0.61574;0.57583;-0.117443271","0.60897;0.6274;-0.0944215432"
17,"image_20231202_145242.png","0.50996;0.76738;1.0136e-06","0.4524;0.73162;-0.0234159492","0.41609;0.62748;-0.0438980684","0.43402;0.53706;-0.0686656311","0.47728;0.49532;-0.0939059108","0.45423;0.50554;-0.0427408069","0.41692;0.36843;-0.0820625573","0.39871;0.27527;-0.1033428013","0.38845;0.19858;-0.1158665419","0.50848;0.5029;-0.0586704202","0.5107;0.34084;-0.1061054096","0.50384;0.24066;-0.1304332465","0.50167;0.15582;-0.1384785473","0.55905;0.5303;-0.0757827684","0.51984;0.45631;-0.1362593919","0.49118;0.54777;-0.1348049641","0.48527;0.61238;-0.1141975448","0.60434;0.57614;-0.093790397","0.56018;0.51922;-0.1356418729","0.53037;0.58415;-0.1236135289","0.52323;0.63661;-0.1026695073"
18,"image_20231202_145243.png","0.45859;0.80061;8.411e-07","0.39215;0.75103;-0.0188674778","0.35291;0.64516;-0.0374023542","0.36891;0.56234;-0.0618078299","0.40657;0.51487;-0.0865129754","0.38809;0.5097;-0.0311644599","0.35548;0.38202;-0.0675648153","0.33855;0.29837;-0.0883175731","0.32899;0.22561;-0.1004973724","0.44367;0.50719;-0.0500686392","0.43666;0.34896;-0.091831632","0.42857;0.24558;-0.1150051951","0.42533;0.1566;-0.1239827722","0.49807;0.53718;-0.0708607063","0.45315;0.47672;-0.1267581135","0.42456;0.56837;-0.1268191487","0.41922;0.63597;-0.108818166","0.54382;0.58845;-0.0926106349","0.49302;0.54266;-0.1301693022","0.46315;0.60779;-0.1180250868","0.45681;0.66209;-0.0985523462"
19,"image_20231202_145247.png","0.69469;0.76984;7.878e-07","0.74248;0.70474;-0.0067339162","0.74883;0.62035;-0.0188541301","0.71277;0.57681;-0.0303536691","0.67264;0.5682;-0.0444826968","0.74226;0.58936;-0.047684025","0.74373;0.47303;-0.0730158687","0.74064;0.39817;-0.0847677961","0.74052;0.33993;-0.0892373547","0.69063;0.59979;-0.0547705069","0.6618;0.48008;-0.0766218826","0.64018;0.40201;-0.0849043131","0.6241;0.34053;-0.0882185623","0.64409;0.62417;-0.0587574877","0.62212;0.55357;-0.0796822533","0.63586;0.58268;-0.0726422817","0.64763;0.61372;-0.060816016","0.60645;0.65817;-0.0622535087","0.59698;0.60971;-0.0716690496","0.61084;0.63052;-0.0575057566","0.6207;0.65121;-0.0424734205"
20,"image_20231202_145248.png","0.79643;0.74298;8.908e-07","0.83084;0.6417;-0.0004801009","0.82268;0.53485;-0.013033337","0.77553;0.49319;-0.0268317405","0.72786;0.48937;-0.0421813913","0.83875;0.48827;-0.0402047113","0.82901;0.34932;-0.0664994046","0.8292;0.26748;-0.0797002763","0.83304;0.20237;-0.0844879374","0.78445;0.50298;-0.0508805439","0.74044;0.35717;-0.0743707344","0.71491;0.26863;-0.0849285126","0.69773;0.19805;-0.089682892","0.73456;0.53056;-0.058159031","0.69856;0.44961;-0.0777573809","0.71084;0.4854;-0.0719142854","0.72499;0.522;-0.0608572587","0.69099;0.56161;-0.0649551824","0.67481;0.50396;-0.0714257956","0.68981;0.53281;-0.0559197031","0.70368;0.55894;-0.0399161801"
21,"image_20231202_145249.png","0.62014;0.65081;9.078e-07","0.65761;0.54419;0.0028724796","0.63267;0.44178;-0.007043378","0.57478;0.40367;-0.019339988","0.52642;0.39737;-0.0325871073","0.64722;0.3836;-0.030727027","0.63924;0.23998;-0.0505011342","0.6336;0.1576;-0.0595184118","0.62745;0.09373;-0.0622623339","0.58635;0.3966;-0.0421913415","0.5466;0.25752;-0.0577798039","0.52073;0.17083;-0.0666337907","0.50045;0.10043;-0.0705318078","0.52991;0.4281;-0.0498388633","0.51052;0.36607;-0.0615955703","0.52833;0.40968;-0.05746134","0.5399;0.44928;-0.0489693955","0.48315;0.46868;-0.0571381673","0.48765;0.44119;-0.0586745292","0.5054;0.4719;-0.0454300903","0.51564;0.49571;-0.031308189"
22,"image_20231202_145250.png","0.49975;0.77233;1.0043e-06","0.54208;0.66519;-0.0105945664","0.51771;0.5595;-0.024453789","0.45811;0.51277;-0.0362303853","0.40716;0.49339;-0.0479652956","0.52055;0.51545;-0.0495394506","0.52137;0.35744;-0.0721450001","0.51697;0.26896;-0.0797647983","0.51273;0.20289;-0.0799482018","0.45561;0.53636;-0.0516242832","0.42465;0.38083;-0.0718466938","0.40652;0.28558;-0.078932412","0.39369;0.21332;-0.079854928","0.40336;0.57263;-0.05029447","0.40228;0.49053;-0.0650328547","0.42641;0.52615;-0.0589072518","0.43822;0.56305;-0.0472643785","0.366;0.61336;-0.0487364605","0.37999;0.54742;-0.0486591347","0.40187;0.57566;-0.0307147577","0.41049;0.60482;-0.0130514028"
23,"image_20231202_145251.png","0.5698;0.8749;1.1215e-06","0.61513;0.78087;-0.0071277292","0.59775;0.6821;-0.0208779592","0.54657;0.64407;-0.0328478888","0.49803;0.64168;-0.0464606695","0.59325;0.64242;-0.0562378839","0.58992;0.49051;-0.0812002495","0.58469;0.40187;-0.0902894139","0.57909;0.33285;-0.0914810076","0.531;0.66169;-0.0614350252","0.49905;0.50676;-0.0824806765","0.47859;0.41131;-0.0880279541","0.46068;0.33766;-0.0883676186","0.47582;0.69721;-0.0621421225","0.46644;0.60327;-0.0765961483","0.48642;0.63792;-0.064142853","0.49486;0.67808;-0.0485299379","0.43532;0.73955;-0.0625078082","0.43668;0.67675;-0.0616737828","0.45603;0.70068;-0.0392414108","0.46053;0.72858;-0.0184794925"
24,"WIN_20231128_14_45_14_Pro.jpg","0.7682;0.76658;4.691e-07","0.72811;0.71377;-0.0254082382","0.71389;0.61714;-0.0387888066","0.74437;0.54829;-0.0533296354","0.78203;0.52137;-0.0663408116","0.73417;0.4807;-0.0192086753","0.73821;0.35939;-0.0461936146","0.74588;0.28262;-0.0637397394","0.75442;0.21665;-0.0738779604","0.77106;0.48469;-0.0253028516","0.77349;0.34775;-0.0541071594","0.77632;0.25892;-0.0707224905","0.78093;0.18199;-0.0768360645","0.80562;0.5191;-0.0349336788","0.79785;0.4641;-0.0747985989","0.77621;0.5443;-0.0777459145","0.76461;0.60407;-0.0666584596","0.83413;0.57238;-0.0467967801","0.81677;0.54147;-0.0763475522","0.79164;0.60186;-0.0730252489","0.77839;0.65035;-0.0619915053"
25,"WIN_20231128_14_45_15_Pro.jpg","0.75731;0.76024;5.125e-07","0.71905;0.7102;-0.0210000016","0.70286;0.6151;-0.0346167572","0.73384;0.55028;-0.0500520542","0.77227;0.52173;-0.0646596178","0.7213;0.48307;-0.019886557","0.7044;0.36381;-0.0441269763","0.69674;0.28568;-0.0585028045","0.69269;0.21958;-0.066708684","0.7614;0.48523;-0.0279213935","0.77207;0.34612;-0.0544769727","0.77973;0.25313;-0.0701420307","0.78822;0.17495;-0.0757987648","0.79628;0.52097;-0.0385543928","0.78487;0.46932;-0.0773212314","0.76372;0.54711;-0.0807987899","0.75557;0.60596;-0.0702361315","0.82311;0.57413;-0.0504399352","0.80169;0.53698;-0.0795732662","0.7778;0.60083;-0.0743804649","0.76717;0.65447;-0.0620630085"
26,"WIN_20231128_14_45_16_Pro.jpg","0.66233;0.73039;5.166e-07","0.62452;0.69107;-0.0179314706","0.59384;0.59836;-0.0320742205","0.60648;0.52588;-0.049299024","0.6472;0.50928;-0.0657086223","0.62538;0.45612;-0.0189855285","0.60799;0.33999;-0.0426233262","0.60101;0.26459;-0.0563501827","0.59857;0.20174;-0.0647905916","0.66456;0.4575;-0.0290509555","0.66352;0.32046;-0.057737913","0.66437;0.22984;-0.0743268058","0.66658;0.15403;-0.0804752186","0.70106;0.48828;-0.0412138179","0.66918;0.44064;-0.0816248357","0.64676;0.52531;-0.0855512172","0.63802;0.59114;-0.0748911873","0.7306;0.53659;-0.054489594","0.69293;0.50781;-0.0840379968","0.66812;0.57128;-0.0809738711","0.65751;0.62594;-0.0705485344"
27,"WIN_20231128_14_45_18_Pro.jpg","0.60767;0.71036;6.739e-07","0.5746;0.68101;-0.0168269146","0.54053;0.59832;-0.0328291357","0.54398;0.53221;-0.0523482673","0.58304;0.50894;-0.0714244917","0.57144;0.4501;-0.0221225712","0.56515;0.32635;-0.0500976779","0.56664;0.24519;-0.0671331212","0.57323;0.17905;-0.0768686384","0.61091;0.44761;-0.0335266814","0.60141;0.31412;-0.0662198365","0.59873;0.22472;-0.0850632116","0.59736;0.14621;-0.0910572261","0.64895;0.47268;-0.0464614257","0.60709;0.44323;-0.0883480981","0.58621;0.53718;-0.0895930156","0.57831;0.60526;-0.075794816","0.67808;0.51771;-0.0606182441","0.63079;0.50352;-0.0888610035","0.60788;0.56626;-0.0828198045","0.59954;0.61523;-0.0691899136"
28,"WIN_20231128_14_45_19_Pro.jpg","0.46573;0.71666;8.62e-07","0.43335;0.69302;-0.0208383612","0.39934;0.61896;-0.0424520709","0.38139;0.5564;-0.0674770102","0.41462;0.53051;-0.0911572278","0.43584;0.46013;-0.0277228858","0.42414;0.33975;-0.0577597432","0.42147;0.25834;-0.0771218687","0.4272;0.19143;-0.0898246765","0.47667;0.45899;-0.0395512991","0.45354;0.33098;-0.0786688328","0.44691;0.23881;-0.103628464","0.4461;0.16244;-0.1147261038","0.51174;0.48785;-0.0524304286","0.45201;0.46107;-0.0950113907","0.43284;0.56364;-0.0906177387","0.43073;0.63417;-0.0738414675","0.53457;0.53541;-0.0674129501","0.47451;0.52596;-0.0943577513","0.4556;0.5925;-0.0851636752","0.45109;0.64338;-0.0700714961"
29,"WIN_20231128_14_45_20_Pro.jpg","0.30939;0.6881;8.143e-07","0.25458;0.64392;-0.0150142908","0.21804;0.56615;-0.0364127196","0.1874;0.50415;-0.0633850023","0.20767;0.47561;-0.0890785381","0.27665;0.41001;-0.0180533677","0.25707;0.29303;-0.0473296791","0.25083;0.20961;-0.0678020045","0.25162;0.13737;-0.0818870291","0.30893;0.41296;-0.0333635397","0.26496;0.28356;-0.0702408254","0.25031;0.19463;-0.0926324278","0.24643;0.11477;-0.1038083509","0.33178;0.44215;-0.0502807945","0.24778;0.39501;-0.0887883455","0.2293;0.49128;-0.0799593478","0.23346;0.55755;-0.0620279871","0.34015;0.49007;-0.0698657483","0.26845;0.46403;-0.094368197","0.24927;0.52445;-0.0846820027","0.24754;0.57729;-0.0705136657"
30,"WIN_20231128_14_45_25_Pro.jpg","0.98497;0.62184;7.244e-07","0.97015;0.6526;-0.0348099843","0.94835;0.66801;-0.0642780438","0.95312;0.62978;-0.0920221731","0.96982;0.56208;-0.118560195","0.88748;0.60236;-0.0581113733","0.83431;0.542;-0.0922154039","0.80576;0.49669;-0.1120857075","0.78082;0.45653;-0.1236702949","0.89725;0.54642;-0.0599246845","0.85287;0.49341;-0.0952931345","0.82389;0.45091;-0.1127252802","0.79348;0.41262;-0.1202894226","0.92126;0.5085;-0.0635440126","0.93553;0.51166;-0.0964688063","0.96138;0.56295;-0.0962549374","0.96974;0.59508;-0.0876006782","0.95146;0.48179;-0.0704430714","0.96852;0.50126;-0.0896100253","0.98357;0.53933;-0.0832193121","0.98785;0.56547;-0.0734222978"
31,"WIN_20231128_14_45_27_Pro.jpg","1.014;0.88268;2.258e-07","0.98506;0.91638;-0.0343971923","0.95477;0.92538;-0.0557776131","0.95804;0.88422;-0.0748850703","0.97645;0.83777;-0.0903269798","0.8989;0.8332;-0.0387496762","0.84897;0.77114;-0.0648163334","0.82573;0.73437;-0.0786717981","0.80608;0.69935;-0.0862537995","0.91615;0.77195;-0.0365186706","0.86904;0.72995;-0.0632681176","0.84458;0.70152;-0.0750216842","0.82209;0.66791;-0.0781285241","0.94526;0.73762;-0.0376253985","0.95399;0.76948;-0.0668052435","0.9753;0.82632;-0.06734474","0.98366;0.85737;-0.058017157","0.98055;0.72206;-0.0422188304","0.99049;0.76287;-0.059466958","1.00049;0.79859;-0.055844795","1.00249;0.81798;-0.0470861569"
32,"WIN_20231128_14_45_29_Pro.jpg","0.64412;0.9804;5.455e-07","0.68255;0.92459;-0.0072574466","0.68772;0.82739;-0.0186262224","0.66331;0.75871;-0.0283403322","0.6332;0.72435;-0.0391895026","0.68868;0.82375;-0.0441247597","0.68842;0.691;-0.0608321689","0.68526;0.61997;-0.0665440485","0.68204;0.5617;-0.0676698163","0.65048;0.82987;-0.048676461","0.65131;0.68088;-0.0628002137","0.65526;0.59729;-0.0644470379","0.65705;0.53327;-0.0645278916","0.61438;0.83872;-0.050636813","0.62245;0.71686;-0.0634355247","0.63131;0.74457;-0.0532962233","0.63196;0.78114;-0.0423302203","0.5855;0.85058;-0.0523936301","0.59841;0.75227;-0.0563876778","0.60788;0.77654;-0.0416536406","0.6073;0.80958;-0.028769508"
33,"WIN_20231128_14_45_31_Pro.jpg","0.51962;0.93026;7.75e-07","0.56346;0.85208;-0.0183903668","0.56468;0.73165;-0.0318847783","0.53629;0.64272;-0.0405903682","0.50032;0.60368;-0.0493932888","0.55831;0.73183;-0.0630386323","0.55251;0.56071;-0.0834307149","0.5475;0.47284;-0.087969929","0.53914;0.40165;-0.0881054699","0.51192;0.74316;-0.0619181655","0.51057;0.56334;-0.0800007507","0.51302;0.46222;-0.0803938136","0.51006;0.38484;-0.0795475245","0.46957;0.75843;-0.0587347485","0.47945;0.60721;-0.0738924369","0.49938;0.63642;-0.062002819","0.50557;0.6782;-0.0499770939","0.43891;0.77202;-0.0565336719","0.45711;0.65528;-0.0631456301","0.47362;0.67872;-0.0502097271","0.47373;0.71463;-0.0385778584"
34,"WIN_20231128_14_45_32_Pro.jpg","0.34515;0.80152;8.228e-07","0.3914;0.70798;-0.017556062","0.40238;0.58489;-0.0284619071","0.37811;0.48984;-0.0342416689","0.34257;0.46286;-0.0392459035","0.35669;0.5465;-0.0530120619","0.35159;0.38078;-0.0692801178","0.34968;0.29248;-0.0737870112","0.34411;0.22367;-0.0730043277","0.30851;0.55583;-0.04928701","0.3133;0.37909;-0.062364459","0.31849;0.26793;-0.0633799285","0.31968;0.19088;-0.0610589273","0.27131;0.57573;-0.0433542505","0.29954;0.4684;-0.0528834425","0.31665;0.49887;-0.0455908403","0.32085;0.54159;-0.0355477333","0.24751;0.59837;-0.0385232158","0.28006;0.51801;-0.0380614698","0.29507;0.54282;-0.025355434","0.29657;0.57657;-0.0130373575"
35,"WIN_20231128_14_45_35_Pro.jpg","0.22896;0.70441;7.812e-07","0.26396;0.58488;-0.0023929712","0.25322;0.47072;-0.0097591681","0.21175;0.40384;-0.0167754479","0.17082;0.38729;-0.0243889336","0.24031;0.41355;-0.0302936751","0.23157;0.25293;-0.0434295386","0.22568;0.16825;-0.0483254977","0.2163;0.10108;-0.0479826182","0.19303;0.42592;-0.0341237746","0.19031;0.25842;-0.0414150804","0.18746;0.15413;-0.0420037545","0.1823;0.07839;-0.0403163955","0.15023;0.45448;-0.035591349","0.16555;0.36088;-0.0386235937","0.18019;0.38651;-0.033063326","0.18527;0.42729;-0.0254507605","0.11785;0.48823;-0.0371955","0.14445;0.42228;-0.0303411055","0.15849;0.44536;-0.016667895","0.16131;0.4795;-0.0042494563"
36,"WIN_20231128_14_45_36_Pro.jpg","0.20647;0.67988;8.497e-07","0.2395;0.56729;-0.0042867428","0.23218;0.45624;-0.013549081","0.19465;0.39582;-0.021454446","0.15583;0.39102;-0.0297469497","0.21419;0.40167;-0.0379658863","0.21576;0.24603;-0.0555548742","0.21322;0.15742;-0.0629105568","0.20879;0.08791;-0.0640606359","0.16473;0.41174;-0.0416124947","0.15308;0.24561;-0.054721117","0.14577;0.14422;-0.0586379357","0.13876;0.07038;-0.058029145","0.12372;0.44032;-0.0421230122","0.14283;0.37314;-0.0498312674","0.15891;0.40677;-0.0441321023","0.16428;0.44755;-0.034774702","0.09234;0.47781;-0.0426981002","0.11528;0.43461;-0.0392405912","0.12932;0.46516;-0.0250408966","0.13284;0.49724;-0.0110133104"
37,"WIN_20231128_14_45_37_Pro.jpg","0.11342;0.66337;7.87e-07","0.15707;0.57188;-0.0135837942","0.16993;0.45832;-0.022371361","0.14775;0.37387;-0.0269177221","0.11336;0.35072;-0.0315465592","0.11693;0.38751;-0.0458373353","0.1165;0.2333;-0.0619615987","0.11455;0.14749;-0.0691354126","0.10912;0.08145;-0.0702578202","0.06748;0.40021;-0.0425324403","0.06263;0.24316;-0.0523420684","0.05745;0.14348;-0.0536712259","0.05005;0.07627;-0.0520938449","0.02794;0.4323;-0.0370539688","0.05187;0.36367;-0.0423827618","0.07018;0.38559;-0.0369492397","0.07926;0.42499;-0.0284516923","-0.00158;0.47441;-0.0323298909","0.01428;0.42262;-0.0282356851","0.02754;0.4382;-0.0159972478","0.03366;0.46644;-0.0037825359"
38,"WIN_20231128_14_45_40_Pro.jpg","0.56117;0.66277;6.974e-07","0.59434;0.56635;0.0022592158","0.58762;0.44546;-0.0057844128","0.55368;0.36624;-0.0147733642","0.51904;0.32849;-0.0243928358","0.59664;0.39585;-0.0326210037","0.5879;0.23355;-0.0517357513","0.5853;0.14179;-0.0596557707","0.58439;0.06755;-0.0617137998","0.55197;0.40957;-0.0420962386","0.52664;0.23847;-0.0604737289","0.51648;0.13414;-0.0657069609","0.51045;0.05141;-0.0668731108","0.50932;0.43526;-0.0482234694","0.49838;0.32199;-0.061733637","0.50965;0.35941;-0.049397476","0.51527;0.40072;-0.0352699645","0.47349;0.46885;-0.0539931469","0.47686;0.37386;-0.0557409301","0.48835;0.40802;-0.0369655527","0.49189;0.44491;-0.0196299106"
39,"WIN_20231128_14_45_41_Pro.jpg","0.52082;0.98608;6.947e-07","0.55557;0.91535;-0.0180553924","0.55507;0.80138;-0.0357185043","0.53383;0.71342;-0.0488364697","0.50837;0.66106;-0.0619721338","0.55866;0.78697;-0.0675170869","0.55368;0.6224;-0.0929535255","0.54868;0.53261;-0.102292262","0.54496;0.45857;-0.1050088778","0.51061;0.80556;-0.0691159219","0.49061;0.62153;-0.0929283574","0.48148;0.51724;-0.0970889702","0.47366;0.43824;-0.0980936065","0.46787;0.82764;-0.0678931177","0.46533;0.68203;-0.0901431069","0.48164;0.71572;-0.0776582286","0.4876;0.76023;-0.0627167299","0.43491;0.85051;-0.0671773627","0.44289;0.72802;-0.078804113","0.45666;0.75963;-0.0628402755","0.4589;0.79981;-0.0471309312"
40,"WIN_20231128_14_45_42_Pro.jpg","0.3581;0.95555;7.006e-07","0.39419;0.85895;-0.0180877391","0.38712;0.74253;-0.029797215","0.3508;0.6704;-0.0371216126","0.31325;0.64835;-0.0433844328","0.36714;0.73821;-0.0469960123","0.36139;0.58385;-0.0638263002","0.35593;0.50173;-0.0684954077","0.34884;0.43711;-0.0684232041","0.32186;0.75885;-0.0451410003","0.3065;0.59636;-0.0602613427","0.29657;0.5007;-0.0622235052","0.28545;0.43217;-0.0612705722","0.28449;0.78597;-0.0420903042","0.29406;0.67151;-0.0565003008","0.31329;0.69267;-0.0502834432","0.31948;0.73002;-0.0405737422","0.25807;0.80982;-0.0399259292","0.27669;0.71534;-0.0439224578","0.29293;0.73317;-0.0324536785","0.29409;0.76435;-0.0212868731"
41,"WIN_20231128_14_45_45_Pro.jpg","0.31297;1.0047;6.985e-07","0.34311;0.91625;-0.0223748963","0.32509;0.80302;-0.0374071896","0.2837;0.74031;-0.047045745","0.24747;0.72364;-0.0555386096","0.31767;0.80652;-0.058488857","0.29955;0.65482;-0.0802624822","0.29252;0.57711;-0.0869138762","0.28412;0.51575;-0.0878863856","0.27583;0.83796;-0.0553044677","0.24425;0.67503;-0.0759179592","0.23038;0.5844;-0.078621313","0.21575;0.52081;-0.078074038","0.23799;0.87309;-0.0509575568","0.22803;0.74981;-0.0710060745","0.24968;0.77127;-0.0639424399","0.25855;0.80934;-0.0529713072","0.20988;0.90091;-0.0475333668","0.21685;0.79529;-0.0565808527","0.23636;0.81087;-0.0462426469","0.24066;0.84296;-0.0356679372"
42,"WIN_20231128_14_45_47_Pro.jpg","0.61448;1.03996;4.799e-07","0.64538;0.97576;-0.0030070734","0.64762;0.88152;-0.0205903891","0.62152;0.80851;-0.0381747708","0.59314;0.77178;-0.0586619154","0.65602;0.86728;-0.0598397218","0.64798;0.72505;-0.0859300271","0.64673;0.6455;-0.1004345864","0.64876;0.5794;-0.1088645235","0.61832;0.89636;-0.071384199","0.59142;0.72801;-0.0949565768","0.57875;0.63062;-0.1047142521","0.57155;0.55784;-0.1121195108","0.57942;0.92621;-0.0783979222","0.55891;0.77785;-0.0994481072","0.56601;0.81258;-0.0880222097","0.5749;0.85722;-0.0753899068","0.5468;0.95467;-0.0845088437","0.53816;0.83368;-0.0981314331","0.54524;0.85887;-0.0831501111","0.55163;0.89932;-0.0681492761"
43,"WIN_20231128_14_45_48_Pro.jpg","0.75612;1.02898;-4.9e-09","0.80057;0.97142;-0.0070410375","0.81893;0.87718;-0.0227515418","0.8113;0.79132;-0.0385171771","0.79521;0.73867;-0.0590206496","0.83057;0.86346;-0.0481193438","0.82317;0.7395;-0.0688174069","0.82266;0.65906;-0.0821424723","0.82563;0.5973;-0.0926133767","0.79742;0.89713;-0.0592882037","0.76549;0.7324;-0.0770992041","0.75619;0.6464;-0.0846178755","0.75376;0.58928;-0.0928936228","0.75953;0.92753;-0.0680905506","0.72253;0.78088;-0.0855491012","0.71776;0.80445;-0.0789031088","0.72529;0.84299;-0.0737312436","0.7247;0.95305;-0.0767982751","0.70009;0.83568;-0.0925810039","0.70211;0.8569;-0.0834459737","0.71234;0.89622;-0.0748939663"
44,"WIN_20231128_14_45_50_Pro.jpg","0.58633;1.06088;3.281e-07","0.61852;0.99061;-0.0036919969","0.62139;0.89114;-0.0205692984","0.59783;0.81664;-0.0368576422","0.56934;0.7753;-0.0557930991","0.63297;0.88102;-0.0567782559","0.62824;0.7425;-0.0780148879","0.62604;0.66222;-0.0894225091","0.62748;0.59731;-0.096803017","0.59528;0.90894;-0.0669005662","0.5694;0.74395;-0.087488316","0.55964;0.64843;-0.0951436237","0.55481;0.57822;-0.1017925814","0.55673;0.93662;-0.072600387","0.53941;0.78639;-0.089989163","0.54768;0.81588;-0.0784986392","0.55493;0.85664;-0.0676251724","0.52371;0.96273;-0.0776827633","0.51985;0.84324;-0.089165844","0.52718;0.86733;-0.0750591159","0.53285;0.90563;-0.0619432628"
45,"WIN_20231128_14_45_56_Pro.jpg","0.31364;0.77634;6.17e-07","0.2765;0.69963;-0.0059333928","0.27341;0.59272;-0.0184473172","0.30977;0.51734;-0.0305436682","0.34963;0.49395;-0.0430242456","0.26641;0.55068;-0.0425529666","0.27527;0.398;-0.0629269108","0.28112;0.30493;-0.0725021139","0.28613;0.23416;-0.076569967","0.30902;0.56124;-0.0503462031","0.32501;0.39333;-0.0691885576","0.33218;0.29346;-0.0755574852","0.33727;0.21286;-0.0772063434","0.35259;0.58437;-0.0552790202","0.36582;0.46192;-0.0748380497","0.35693;0.50141;-0.0657932907","0.34777;0.54599;-0.0519829355","0.3907;0.61482;-0.0598575436","0.39418;0.51276;-0.0681040362","0.3847;0.54473;-0.051619675","0.37993;0.58213;-0.0346426032"
46,"WIN_20231128_14_46_00_Pro.jpg","0.26736;0.758;5.495e-07","0.22192;0.65576;-0.0071518249","0.22329;0.53806;-0.0213459749","0.26526;0.46842;-0.033722654","0.30453;0.44035;-0.0454493314","0.21425;0.50298;-0.0484003797","0.20817;0.33715;-0.0666965023","0.20601;0.24247;-0.0736654326","0.20371;0.16865;-0.0757273212","0.26571;0.51208;-0.0534945279","0.27191;0.33888;-0.0684853122","0.27302;0.2378;-0.0731403753","0.27268;0.15865;-0.0747817233","0.31374;0.53075;-0.0552314222","0.30397;0.41544;-0.0685926676","0.29143;0.44838;-0.0613962822","0.2841;0.49209;-0.0512613766","0.35314;0.55268;-0.0567924157","0.3293;0.4741;-0.0586354174","0.31406;0.5017;-0.0433205329","0.31226;0.53481;-0.0291054621"
47,"WIN_20231128_14_46_01_Pro.jpg","0.15586;0.68837;6.848e-07","0.11263;0.60887;-0.0024734789","0.10167;0.49375;-0.015361459","0.13009;0.40046;-0.0271982811","0.16347;0.35562;-0.0393318944","0.08727;0.43923;-0.0512824617","0.09323;0.27473;-0.0736400336","0.0925;0.1752;-0.0858163759","0.08918;0.09613;-0.0922934487","0.13345;0.44829;-0.0599371605","0.15491;0.27085;-0.0777767822","0.16425;0.16606;-0.0843998194","0.16676;0.08013;-0.0878194496","0.18292;0.46783;-0.0640770867","0.20524;0.35257;-0.0780492052","0.19949;0.39298;-0.0655214339","0.18923;0.44174;-0.0518208258","0.22669;0.49565;-0.0679078922","0.2374;0.39974;-0.0714936852","0.23079;0.43833;-0.0515915304","0.22492;0.48163;-0.0330721959"
48,"WIN_20231128_14_46_04_Pro.jpg","0.17089;0.96003;8.858e-07","0.12652;0.89881;-0.0106131285","0.11007;0.79393;-0.0325456932","0.13693;0.70354;-0.0531065017","0.16976;0.65057;-0.0738171339","0.09516;0.76851;-0.0670880303","0.08972;0.60847;-0.0952919647","0.08573;0.51185;-0.109424971","0.08177;0.43468;-0.1174759194","0.13673;0.77787;-0.0772641674","0.146;0.5863;-0.1083884761","0.14901;0.47896;-0.1191449091","0.14909;0.39056;-0.1242376864","0.18276;0.79156;-0.0830691084","0.19881;0.63747;-0.110594362","0.19767;0.68682;-0.0963944942","0.19178;0.74196;-0.0792390704","0.2268;0.80724;-0.0888452604","0.2284;0.68028;-0.1019292846","0.22609;0.71921;-0.0815447643","0.22401;0.76604;-0.0620413423"
49,"WIN_20231128_14_46_05_Pro.jpg","0.16141;1.10374;9.978e-07","0.12237;1.03372;-0.0111898435","0.10507;0.93008;-0.0377290659","0.13318;0.83832;-0.065669246","0.15658;0.78728;-0.0941985697","0.05307;0.93123;-0.0621355027","0.0564;0.78898;-0.0972998068","0.05484;0.70893;-0.1218660474","0.05032;0.63945;-0.1394397616","0.09207;0.95632;-0.0773775354","0.11206;0.77042;-0.119097203","0.11878;0.66673;-0.1392570287","0.11516;0.57693;-0.1540446281","0.1355;0.97594;-0.0896760151","0.16453;0.80876;-0.118879661","0.17599;0.84419;-0.1079111621","0.17139;0.89092;-0.098496154","0.17851;0.98766;-0.1036954597","0.19491;0.84784;-0.1175718382","0.20012;0.87514;-0.1017016172","0.19503;0.9222;-0.0895071775"
50,"WIN_20231128_14_46_08_Pro.jpg","0.3143;1.06239;7.349e-07","0.27949;1.01238;-0.0160653442","0.27414;0.91538;-0.0384544805","0.30572;0.83801;-0.0571799204","0.33797;0.79102;-0.074925147","0.26143;0.95376;-0.0753344074","0.25857;0.80935;-0.100917697","0.25916;0.72168;-0.109903723","0.26283;0.64811;-0.114474982","0.30031;0.96603;-0.0814275742","0.30749;0.79686;-0.11100474","0.31005;0.69771;-0.1170146614","0.3152;0.61907;-0.1197483838","0.33975;0.97589;-0.0838553384","0.34915;0.82403;-0.1077678129","0.34015;0.85325;-0.0926535651","0.33359;0.90223;-0.0766406357","0.3764;0.98051;-0.0871037692","0.3731;0.85582;-0.0980429426","0.36623;0.87825;-0.0811152607","0.36567;0.92366;-0.0658807233"
51,"WIN_20231128_14_46_11_Pro.jpg","0.4226;0.88852;4.691e-07","0.40555;0.78505;-0.0208929237","0.43613;0.69046;-0.0361956544","0.48378;0.65913;-0.0455118194","0.51476;0.6654;-0.0546302609","0.45638;0.70599;-0.0663627163","0.50001;0.57391;-0.0903764963","0.53104;0.49976;-0.1021641642","0.5577;0.44708;-0.1081466973","0.49168;0.75628;-0.0634588227","0.53955;0.62301;-0.0865087211","0.57457;0.5377;-0.0966150835","0.60541;0.47605;-0.1015528515","0.51848;0.80505;-0.0575644933","0.5318;0.70172;-0.0761873722","0.50842;0.70619;-0.0703181326","0.48741;0.73189;-0.0604246594","0.53461;0.8409;-0.0526351146","0.5348;0.75029;-0.0636054054","0.51568;0.74939;-0.0537406094","0.50227;0.77253;-0.0421102755"
52,"WIN_20231128_14_46_13_Pro.jpg","0.36897;0.83357;8.084e-07","0.41317;0.82642;-0.0221162848","0.4608;0.7888;-0.0434678942","0.48337;0.74132;-0.0654750839","0.46617;0.71141;-0.085124746","0.4582;0.63574;-0.0390314311","0.51402;0.55542;-0.0720891505","0.54777;0.49935;-0.0909446254","0.57226;0.44365;-0.1016591489","0.41981;0.60889;-0.0487400293","0.46247;0.51754;-0.0914441198","0.49104;0.45128;-0.1134981215","0.51194;0.37889;-0.1223289818","0.3835;0.61647;-0.058932811","0.43836;0.6776;-0.1018574163","0.43557;0.74957;-0.1014038771","0.42421;0.77527;-0.0887634531","0.35489;0.65338;-0.0712135509","0.40419;0.70328;-0.0962121934","0.40546;0.7595;-0.0878446326","0.39391;0.77532;-0.0745273978"
53,"WIN_20231128_14_46_24_Pro.jpg","0.53717;0.55794;7.194e-07","0.5765;0.56586;-0.0199792963","0.63314;0.52277;-0.0293456689","0.66779;0.46135;-0.0402830318","0.67173;0.39199;-0.0492274165","0.64564;0.41263;-0.012173282","0.70729;0.36346;-0.0340111107","0.7473;0.33533;-0.0471070744","0.78159;0.30506;-0.053856682","0.62543;0.37214;-0.0178586375","0.68536;0.27194;-0.0487781726","0.72751;0.2227;-0.066048272","0.76275;0.17119;-0.0724104047","0.59707;0.34804;-0.0257678535","0.65438;0.34401;-0.0709510446","0.63045;0.43193;-0.0710605979","0.60369;0.47337;-0.0556555949","0.56558;0.34039;-0.0344466418","0.61933;0.34807;-0.0684245974","0.60668;0.41834;-0.0624620989","0.58294;0.45084;-0.048019588"
54,"WIN_20231128_14_46_28_Pro.jpg","0.57263;0.93066;2.141e-07","0.52591;0.82842;-0.0273511801","0.52982;0.70271;-0.0434739254","0.56995;0.62206;-0.0515427813","0.60471;0.60228;-0.0586586744","0.5705;0.69807;-0.0739059746","0.56867;0.51764;-0.0951995626","0.57241;0.4258;-0.101024732","0.57935;0.35506;-0.1028884873","0.61622;0.71247;-0.0640771687","0.617;0.5226;-0.0857954472","0.62113;0.42213;-0.0897516012","0.62916;0.3519;-0.0895976201","0.65115;0.73229;-0.0515085012","0.62267;0.62364;-0.0679123625","0.59939;0.65138;-0.0611745529","0.58765;0.69294;-0.0509309173","0.67414;0.75066;-0.0406349786","0.64068;0.66824;-0.0513829365","0.61971;0.68711;-0.0448400751","0.61281;0.71889;-0.0355268195"
55,"WIN_20231128_14_46_35_Pro.jpg","0.60155;0.92227;7.92e-07","0.6542;0.85566;-0.0046621654","0.68516;0.76983;-0.0223919507","0.71264;0.71107;-0.0460372418","0.71635;0.70021;-0.0665725619","0.61946;0.62977;-0.0305918697","0.65224;0.52216;-0.0622266643","0.67014;0.447;-0.0843331069","0.67789;0.37762;-0.1009033248","0.60042;0.65621;-0.0515067726","0.66102;0.54495;-0.1010349393","0.69293;0.46346;-0.1287817657","0.71204;0.39616;-0.14413625","0.59609;0.7103;-0.0704922825","0.68892;0.67256;-0.1065651029","0.69176;0.739;-0.0919406563","0.66979;0.77392;-0.0743798167","0.60663;0.77033;-0.0918793902","0.68617;0.74416;-0.1093488336","0.68679;0.79135;-0.0922310501","0.66236;0.81845;-0.0756385401"
56,"WIN_20231128_14_46_47_Pro.jpg","0.69483;0.82384;4.533e-07","0.64587;0.74114;-0.0059796288","0.63107;0.6576;-0.0241224561","0.61768;0.5913;-0.0465189144","0.62346;0.56505;-0.0679484606","0.70812;0.57553;-0.0319063142","0.69853;0.44845;-0.0592539534","0.69415;0.36218;-0.0749311447","0.68937;0.29501;-0.0859826803","0.72419;0.60093;-0.0500378385","0.68957;0.45598;-0.0902250558","0.67419;0.36221;-0.111635454","0.66488;0.28892;-0.122660473","0.72383;0.64111;-0.0665902495","0.64101;0.56818;-0.0984546617","0.6262;0.62681;-0.0848871991","0.63344;0.66915;-0.0673205182","0.70916;0.68536;-0.0848334506","0.64072;0.61326;-0.1025712565","0.63013;0.65515;-0.0878374502","0.63613;0.69528;-0.0717125684"
57,"WIN_20231128_14_46_51_Pro.jpg","0.30752;0.6602;4.566e-07","0.29847;0.57739;0.0009842023","0.263;0.47274;-0.0096262312","0.20164;0.42781;-0.0234830491","0.15825;0.40159;-0.0364436507","0.30595;0.38395;-0.0184409171","0.26206;0.24897;-0.0383479781","0.24556;0.16828;-0.0474117249","0.23689;0.09643;-0.0512296222","0.29431;0.4002;-0.0331777446","0.22553;0.25861;-0.0550704263","0.19546;0.16652;-0.0643549785","0.17658;0.08175;-0.0683158636","0.27584;0.43198;-0.0467943102","0.18966;0.37837;-0.070862636","0.18743;0.43704;-0.0666008815","0.20253;0.47166;-0.0558700562","0.24879;0.47212;-0.0604312941","0.18213;0.42538;-0.0766101927","0.1827;0.46699;-0.069351837","0.19761;0.49886;-0.0588297322"
58,"WIN_20231128_14_46_53_Pro.jpg","0.20181;0.65928;5.015e-07","0.19838;0.56095;0.0075087617","0.16115;0.4566;-0.0007443886","0.09139;0.42057;-0.0124719869","0.04248;0.40762;-0.0240893252","0.19465;0.37863;-0.0208978541","0.14026;0.23766;-0.0386202335","0.11625;0.15676;-0.0440594032","0.09946;0.08449;-0.0456390865","0.17468;0.39561;-0.0381280705","0.09889;0.24113;-0.0587856956","0.06266;0.15025;-0.0654086322","0.03799;0.06825;-0.067330949","0.14973;0.42951;-0.0526796095","0.05635;0.37003;-0.0759636909","0.05633;0.43643;-0.0687900186","0.07352;0.4782;-0.0555955321","0.11829;0.47727;-0.0661518201","0.04829;0.42461;-0.0812045485","0.05304;0.47461;-0.0707872137","0.07221;0.51355;-0.0575907119"
59,"WIN_20231128_14_46_57_Pro.jpg","0.41165;0.8792;9.805e-07","0.45774;0.85993;-0.0281823296","0.50192;0.80227;-0.0535869114","0.51025;0.74705;-0.0787658393","0.48277;0.72449;-0.1017019674","0.47992;0.62802;-0.0429174639","0.51759;0.52499;-0.0792228654","0.54185;0.45403;-0.1006609425","0.55837;0.38543;-0.1136813015","0.43388;0.61574;-0.0526215136","0.46039;0.50857;-0.0978932828","0.4757;0.4311;-0.1220602468","0.48201;0.35357;-0.1325190663","0.39299;0.63969;-0.0637111589","0.44935;0.66564;-0.1132342294","0.46069;0.76059;-0.1129353493","0.4563;0.80958;-0.0992836654","0.36236;0.69108;-0.0773966908","0.41647;0.73096;-0.1121147051","0.43343;0.80464;-0.1075490788","0.43069;0.83782;-0.0954016671"
60,"WIN_20231128_14_46_59_Pro.jpg","0.17138;0.99972;8.281e-07","0.21817;0.96845;-0.050732661","0.23413;0.90185;-0.077354148","0.18922;0.8752;-0.0978184342","0.13555;0.86851;-0.1169611067","0.21182;0.74721;-0.0620745197","0.21583;0.61535;-0.1007608771","0.21225;0.53328;-0.1222155616","0.20859;0.45754;-0.1334307045","0.15985;0.73909;-0.0583522245","0.12988;0.61448;-0.0968157053","0.11094;0.53135;-0.1170084178","0.09653;0.44128;-0.1238618791","0.12159;0.77492;-0.058383733","0.1068;0.80377;-0.1078495607","0.12624;0.88595;-0.1150939167","0.14122;0.92058;-0.1050065011","0.09427;0.83058;-0.061761871","0.0862;0.87661;-0.0970168114","0.11141;0.93075;-0.0941763967","0.13295;0.9527;-0.0819389895"
